{
    "SDVN1-Real.safetensors": "https://civitai.com/api/download/models/109869",
    "SDVN2-RealRPG.safetensors": "https://civitai.com/api/download/models/110396",
    "SDVN3-RealArt-plus.safetensors": "https://civitai.com/api/download/models/110538",
    "SDVN4-3DCuteVN.safetensors": "https://civitai.com/api/download/models/110442",
    "SDVN5-3DCuteWave.safetensors": "https://civitai.com/api/download/models/110455",
    "SDVN6-RealXL.safetensors": "https://civitai.com/api/download/models/130249",
    "SDVN7-NijiStyle.safetensors": "https://civitai.com/api/download/models/155870",
    "SDVN8-ArtXL.safetensors": "https://civitai.com/api/download/models/212479",
    "SDVN10-Anime.safetensors": "https://civitai.com/api/download/models/286354",
    "StableDiffusion_v15.ckpt": "https://huggingface.co/StableDiffusionVN/Checkpoint/resolve/main/Base/StableDiffusion_v15.ckpt",
    "StableDiffusion_v15.inpainting.ckpt": "https://huggingface.co/StableDiffusionVN/Checkpoint/resolve/main/Base/StableDiffusion_inpainting_v15.ckpt",
    "SDXL-Base.safetensors": "https://huggingface.co/stabilityai/stable-diffusion-xl-base-1.0/resolve/main/sd_xl_base_1.0_0.9vae.safetensors",
    "SDXL-Base.inpainting.ckpt": "https://huggingface.co/wangqyqq/sd_xl_base_1.0_inpainting_0.1.safetensors/resolve/main/sd_xl_base_1.0_inpainting_0.1.safetensors",
    "DreamShaperv8.inpainting.safetensors": "https://civitai.com/api/download/models/131004",
    "RealisticVisionv5.inpainting.safetensors": "https://civitai.com/api/download/models/130090",
    "SDVN1-Real.inpainting.safetensors": "https://civitai.com/api/download/models/153048",
    "SDVN5-3DCuteWave.inpainting.safetensors": "https://civitai.com/api/download/models/153052",
    "XXMix_9realisticSDXL.safetensors": "https://civitai.com/api/download/models/163192",
    "LEOSAM-HelloWorldXL.safetensors": "https://civitai.com/api/download/models/570138",
    "JuggernautXL-v9.safetensors": "https://civitai.com/api/download/models/357609",
    "ZavyChromaXL-v5.safetensors": "https://civitai.com/api/download/models/362861",
    "Samaritan3dCartoon-v4.safetensors": "https://civitai.com/api/download/models/144566",
    "DucHaiten-AIart-SDXL.safetensors": "https://civitai.com/api/download/models/136754",
    "CrystalClearXL.safetensors": "https://civitai.com/api/download/models/133832",
    "JuggernautXL.safetensors": "https://civitai.com/api/download/models/782002",
    "Chilloutmix.safetensors": "https://civitai.com/api/download/models/9474",
    "RealisticVision51.safetensors": "https://civitai.com/api/download/models/130072",
    "Deliberate.safetensors": "https://civitai.com/api/download/models/15236",
    "DreamShaperv8.safetensors": "https://civitai.com/api/download/models/128713",
    "A-ZovyaRPGv3.safetensors": "https://civitai.com/api/download/models/79290",
    "HenmixRealv4.safetensors": "https://civitai.com/api/download/models/70458",
    "Fantasticv65.safetensors": "https://civitai.com/api/download/models/77784",
    "XXMix_9realisticv3.safetensors": "https://civitai.com/api/download/models/77903",
    "MajicmixRealv6.safetensors": "https://civitai.com/api/download/models/94640",
    "RunDiffusionFXv1.safetensors": "https://civitai.com/api/download/models/88158",
    "BeautifulRealAsiansv6.safetensors": "https://civitai.com/api/download/models/113479",
    "LEOSAM-MoonFilm-v2.safetensors": "https://civitai.com/api/download/models/113623",
    "Counterfeit.safetensors": "https://civitai.com/api/download/models/7425",
    "FishMix.safetensors": "https://civitai.com/api/download/models/27424",
    "OrientalMix.safetensors": "https://civitai.com/api/download/models/19348",
    "ThreeDelicacyv2.safetensors": "https://civitai.com/api/download/models/36473",
    "GODofSIMP.safetensors": "https://civitai.com/api/download/models/50765",
    "TheoldfishSpread.safetensors": "https://civitai.com/api/download/models/17028",
    "Theoldfish.safetensors": "https://civitai.com/api/download/models/40101",
    "NightSkyYOZORA.safetensors": "https://civitai.com/api/download/models/14835",
    "GhostMixv2.safetensors": "https://civitai.com/api/download/models/76907",
    "ToonYou-beta6.safetensors": "https://civitai.com/api/download/models/125771",
    "ComicsArthemyv3.safetensors": "https://civitai.com/api/download/models/88516",
    "MeinaMix-v11.safetensors": "https://civitai.com/api/download/models/88516",
    "ManmaruMix-v2.safetensors": "https://civitai.com/api/download/models/116017",
    "Flux_dev_v1.safetensors": "https://huggingface.co/StableDiffusionVN/Flux/resolve/main/Checkpoint/Flux_dev_v1.safetensors",
    "Flux_dev_v1-fp8.safetensors": "https://huggingface.co/StableDiffusionVN/Flux/resolve/main/Checkpoint/Flux_dev_v1-fp8.safetensors",
    "Flux_dev_v1-nf4.safetensors": "https://huggingface.co/StableDiffusionVN/Flux/resolve/main/Checkpoint/Flux_dev_v1-nf4.safetensors",
    "Flux_schnell_v1-fp8.safetensors": "https://huggingface.co/StableDiffusionVN/Flux/resolve/main/Checkpoint/Flux_schnell_v1-fp8.safetensors",
    "Flux_dev_Q4KS.gguf": "https://huggingface.co/StableDiffusionVN/Flux/resolve/main/Unet/flux1-dev-Q4_K_S.gguf",
    "Flux_schnell_Q4KS.gguf": "https://huggingface.co/StableDiffusionVN/Flux/resolve/main/Unet/flux1-schnell-Q4_K_S.gguf",
    "AdamXL-v3.safetensors": "https://huggingface.co/StableDiffusionVN/Checkpoint/resolve/main/SDXL/Art/AdamV3.safetensors",
    "PhotographyProv8.safetensors": "https://huggingface.co/StableDiffusionVN/Checkpoint/resolve/main/SD15/Real/PhotographyProv8.safetensors",
    "Flux-schnell-nf4.safetensors": "https://huggingface.co/StableDiffusionVN/Flux/resolve/main/Checkpoint/Flux-schnell-nf4.safetensors",
    "SDVN11-Ghibli-Flux_nf4-hyper.safetensors": "https://huggingface.co/StableDiffusionVN/SDVN11-Ghibli-Flux/resolve/main/SDVN11-Ghibli-Flux_nf4-hyper.safetensors",
    "SDVN11-Ghibli-Flux_fp8-hyper.safetensors": "https://huggingface.co/StableDiffusionVN/SDVN11-Ghibli-Flux/resolve/main/SDVN11-Ghibli-Flux_fp8-hyper.safetensors",    
    "Flux_dev_v1_fill-fp8.safetensors": "https://huggingface.co/StableDiffusionVN/Flux/resolve/main/Checkpoint/Flux_dev_v1_fill-fp8.safetensors",
    "STOIQO-NewRealityXLPro.safetensors":"https://civitai.com/api/download/models/690310",
    "RealVisXLv5.safetensors":"https://civitai.com/api/download/models/789646",
    "CharacterArtXL.safetensors": "https://huggingface.co/StableDiffusionVN/SDXL/resolve/main/Checkpoint/CharacterArtXL.safetensors",
    "RealMythXL_v7.safetensors": "https://huggingface.co/StableDiffusionVN/SDXL/resolve/main/Checkpoint/RealMythXL_v7.safetensors",
    "Illustrious-XL.safetensors": "https://civitai.com/api/download/models/889818",
    "PonyDiffusionV6XL.safetensors":"https://huggingface.co/LyliaEngine/Pony_Diffusion_V6_XL/blob/main/ponyDiffusionV6XL_v6StartWithThisOne.safetensors"
}