{
  "last_node_id": 10,
  "last_link_id": 9,
  "nodes": [
    {
      "id": 8,
      "type": "VAEDecode",
      "pos": {
        "0": 1209,
        "1": 188
      },
      "size": {
        "0": 210,
        "1": 46
      },
      "flags": {},
      "order": 6,
      "mode": 0,
      "inputs": [
        {
          "name": "samples",
          "type": "LATENT",
          "link": 7
        },
        {
          "name": "vae",
          "type": "VAE",
          "link": 8
        }
      ],
      "outputs": [
        {
          "name": "IMAGE",
          "type": "IMAGE",
          "links": [
            9
          ],
          "slot_index": 0
        }
      ],
      "properties": {
        "Node name for S&R": "VAEDecode"
      },
      "widgets_values": []
    },
    {
      "id": 10,
      "type": "Note",
      "pos": {
        "0": 71,
        "1": 347
      },
      "size": {
        "0": 315.7266540527344,
        "1": 143.80174255371094
      },
      "flags": {},
      "order": 0,
      "mode": 0,
      "inputs": [],
      "outputs": [],
      "properties": {
        "text": ""
      },
      "widgets_values": [
        "SD text - to - img workflow\n\nComfyUI Colab:\n- Creator: stablediffusion.vn\n- Website: sdvn.me | comfy.vn | fluxai.vn\n- Sub Web: trainlora.vn | shakker.vn\n- Document: bit.ly/sdvn-lib\n- Skills training: hungdiffusion.com"
      ],
      "color": "#432",
      "bgcolor": "#653"
    },
    {
      "id": 4,
      "type": "CheckpointLoaderSimple",
      "pos": {
        "0": 74,
        "1": 192
      },
      "size": {
        "0": 315,
        "1": 98
      },
      "flags": {},
      "order": 1,
      "mode": 0,
      "inputs": [],
      "outputs": [
        {
          "name": "MODEL",
          "type": "MODEL",
          "links": [
            1
          ],
          "slot_index": 0
        },
        {
          "name": "CLIP",
          "type": "CLIP",
          "links": [
            3,
            5
          ],
          "slot_index": 1
        },
        {
          "name": "VAE",
          "type": "VAE",
          "links": [
            8
          ],
          "slot_index": 2
        }
      ],
      "properties": {
        "Node name for S&R": "CheckpointLoaderSimple"
      },
      "widgets_values": [
        "Checkpoint/RealisticVision51.safetensors"
      ]
    },
    {
      "id": 5,
      "type": "EmptyLatentImage",
      "pos": {
        "0": 513,
        "1": 616
      },
      "size": {
        "0": 315,
        "1": 106
      },
      "flags": {},
      "order": 2,
      "mode": 0,
      "inputs": [],
      "outputs": [
        {
          "name": "LATENT",
          "type": "LATENT",
          "links": [
            2
          ],
          "slot_index": 0
        }
      ],
      "properties": {
        "Node name for S&R": "EmptyLatentImage"
      },
      "widgets_values": [
        512,
        768,
        1
      ]
    },
    {
      "id": 7,
      "type": "CLIPTextEncode",
      "pos": {
        "0": 413,
        "1": 389
      },
      "size": {
        "0": 425.27801513671875,
        "1": 180.6060791015625
      },
      "flags": {},
      "order": 4,
      "mode": 0,
      "inputs": [
        {
          "name": "clip",
          "type": "CLIP",
          "link": 5
        }
      ],
      "outputs": [
        {
          "name": "CONDITIONING",
          "type": "CONDITIONING",
          "links": [
            6
          ],
          "slot_index": 0
        }
      ],
      "properties": {
        "Node name for S&R": "CLIPTextEncode"
      },
      "widgets_values": [
        "(text, watermark, 3d, 2d:1.3)"
      ]
    },
    {
      "id": 6,
      "type": "CLIPTextEncode",
      "pos": {
        "0": 415,
        "1": 186
      },
      "size": {
        "0": 422.84503173828125,
        "1": 164.31304931640625
      },
      "flags": {},
      "order": 3,
      "mode": 0,
      "inputs": [
        {
          "name": "clip",
          "type": "CLIP",
          "link": 3
        }
      ],
      "outputs": [
        {
          "name": "CONDITIONING",
          "type": "CONDITIONING",
          "links": [
            4
          ],
          "slot_index": 0
        }
      ],
      "properties": {
        "Node name for S&R": "CLIPTextEncode"
      },
      "widgets_values": [
        "(best quality:1.2), (hyper realistic, raw photo, film gain:1.1), portrait girl in the garden"
      ]
    },
    {
      "id": 9,
      "type": "SaveImage",
      "pos": {
        "0": 1451,
        "1": 189
      },
      "size": [
        327.29296875,
        520.23046875
      ],
      "flags": {},
      "order": 7,
      "mode": 0,
      "inputs": [
        {
          "name": "images",
          "type": "IMAGE",
          "link": 9
        }
      ],
      "outputs": [],
      "properties": {
        "Node name for S&R": "SaveImage"
      },
      "widgets_values": [
        "ComfyUI"
      ]
    },
    {
      "id": 3,
      "type": "KSampler",
      "pos": {
        "0": 863,
        "1": 186
      },
      "size": [
        315,
        474
      ],
      "flags": {},
      "order": 5,
      "mode": 0,
      "inputs": [
        {
          "name": "model",
          "type": "MODEL",
          "link": 1
        },
        {
          "name": "positive",
          "type": "CONDITIONING",
          "link": 4
        },
        {
          "name": "negative",
          "type": "CONDITIONING",
          "link": 6
        },
        {
          "name": "latent_image",
          "type": "LATENT",
          "link": 2
        }
      ],
      "outputs": [
        {
          "name": "LATENT",
          "type": "LATENT",
          "links": [
            7
          ],
          "slot_index": 0
        }
      ],
      "properties": {
        "Node name for S&R": "KSampler"
      },
      "widgets_values": [
        1,
        "randomize",
        20,
        8,
        "euler",
        "normal",
        1
      ]
    }
  ],
  "links": [
    [
      1,
      4,
      0,
      3,
      0,
      "MODEL"
    ],
    [
      2,
      5,
      0,
      3,
      3,
      "LATENT"
    ],
    [
      3,
      4,
      1,
      6,
      0,
      "CLIP"
    ],
    [
      4,
      6,
      0,
      3,
      1,
      "CONDITIONING"
    ],
    [
      5,
      4,
      1,
      7,
      0,
      "CLIP"
    ],
    [
      6,
      7,
      0,
      3,
      2,
      "CONDITIONING"
    ],
    [
      7,
      3,
      0,
      8,
      0,
      "LATENT"
    ],
    [
      8,
      4,
      2,
      8,
      1,
      "VAE"
    ],
    [
      9,
      8,
      0,
      9,
      0,
      "IMAGE"
    ]
  ],
  "groups": [],
  "config": {},
  "extra": {
    "ds": {
      "scale": 1,
      "offset": [
        0,
        0
      ]
    }
  },
  "version": 0.4
}