{
    "samples_save": true,
    "samples_format": "png",
    "samples_filename_pattern": "",
    "save_images_add_number": true,
    "grid_save": true,
    "grid_format": "png",
    "grid_extended_filename": false,
    "grid_only_if_multiple": true,
    "grid_prevent_empty_spots": false,
    "n_rows": -1,
    "enable_pnginfo": true,
    "save_txt": false,
    "save_images_before_face_restoration": false,
    "save_images_before_highres_fix": false,
    "save_images_before_color_correction": false,
    "jpeg_quality": 80,
    "export_for_4chan": false,
    "img_downscale_threshold": 4.0,
    "target_side_length": 4000,
    "use_original_name_batch": true,
    "use_upscaler_name_as_suffix": false,
    "save_selected_only": true,
    "do_not_add_watermark": false,
    "temp_dir": "",
    "clean_temp_dir_at_start": false,
    "outdir_samples": "",
    "outdir_txt2img_samples": "/content/drive/MyDrive/SD-Data/Export",
    "outdir_img2img_samples": "/content/drive/MyDrive/SD-Data/Export/Img2img",
    "outdir_extras_samples": "/content/drive/MyDrive/SD-Data/Export/Extra",
    "outdir_grids": "",
    "outdir_txt2img_grids": "/content/drive/MyDrive/SD-Data/Export/Grids",
    "outdir_img2img_grids": "/content/drive/MyDrive/SD-Data/Export/Grids",
    "outdir_save": "log/images",
    "save_to_dirs": true,
    "grid_save_to_dirs": false,
    "use_save_to_dirs_for_ui": false,
    "directories_filename_pattern": "[model_name]/[date]",
    "directories_max_prompt_words": 8,
    "ESRGAN_tile": 192,
    "ESRGAN_tile_overlap": 8,
    "realesrgan_enabled_models": [
        "R-ESRGAN General 4xV3",
        "R-ESRGAN General WDN 4xV3",
        "R-ESRGAN AnimeVideo",
        "R-ESRGAN 4x+",
        "R-ESRGAN 4x+ Anime6B",
        "R-ESRGAN 2x+"
    ],
    "upscaler_for_img2img": "R-ESRGAN 4x+",
    "face_restoration_model": "CodeFormer",
    "code_former_weight": 0.5,
    "face_restoration_unload": false,
    "show_warnings": true,
    "memmon_poll_rate": 8,
    "samples_log_stdout": false,
    "multiple_tqdm": true,
    "print_hypernet_extra": false,
    "unload_models_when_training": false,
    "pin_memory": false,
    "save_optimizer_state": false,
    "save_training_settings_to_txt": true,
    "dataset_filename_word_regex": "",
    "dataset_filename_join_string": " ",
    "training_image_repeats_per_epoch": 1,
    "training_write_csv_every": 500,
    "training_xattention_optimizations": false,
    "training_enable_tensorboard": false,
    "training_tensorboard_save_images": false,
    "training_tensorboard_flush_every": 120,
    "sd_model_checkpoint": "RealisticVision-v5.safetensors [15012c538f]",
    "sd_checkpoint_cache": 0,
    "sd_vae_checkpoint_cache": 0,
    "sd_vae": "Automatic",
    "sd_vae_as_default": true,
    "inpainting_mask_weight": 1.0,
    "initial_noise_multiplier": 1.0,
    "img2img_color_correction": false,
    "img2img_fix_steps": false,
    "img2img_background_color": "#ffffff",
    "enable_quantization": false,
    "enable_emphasis": true,
    "enable_batch_seeds": true,
    "comma_padding_backtrack": 20,
    "CLIP_stop_at_last_layers": 2,
    "upcast_attn": false,
    "use_old_emphasis_implementation": false,
    "use_old_karras_scheduler_sigmas": false,
    "no_dpmpp_sde_batch_determinism": false,
    "use_old_hires_fix_width_height": false,
    "interrogate_keep_models_in_memory": false,
    "interrogate_return_ranks": false,
    "interrogate_clip_num_beams": 1,
    "interrogate_clip_min_length": 24,
    "interrogate_clip_max_length": 48,
    "interrogate_clip_dict_limit": 1500,
    "interrogate_clip_skip_categories": [],
    "interrogate_deepbooru_score_threshold": 0.5,
    "deepbooru_sort_alpha": true,
    "deepbooru_use_spaces": false,
    "deepbooru_escape": true,
    "deepbooru_filter_tags": "",
    "extra_networks_default_view": "cards",
    "extra_networks_default_multiplier": 1.0,
    "sd_hypernetwork": "None",
    "return_grid": true,
    "do_not_show_images": false,
    "add_model_hash_to_info": true,
    "add_model_name_to_info": true,
    "disable_weights_auto_swap": true,
    "send_seed": true,
    "send_size": true,
    "font": "",
    "js_modal_lightbox": true,
    "js_modal_lightbox_initially_zoomed": true,
    "show_progress_in_title": true,
    "samplers_in_dropdown": true,
    "dimensions_and_batch_together": true,
    "keyedit_precision_attention": 0.1,
    "keyedit_precision_extra": 0.05,
    "quicksettings": "sd_model_checkpoint",
    "ui_reorder": "inpaint, sampler, checkboxes, hires_fix, dimensions, cfg, seed, batch, override_settings, scripts",
    "ui_extra_networks_tab_reorder": "Checkpoints,Lora,Textual Inversion,Hypernetworks,",
    "localization": "localization",
    "show_progressbar": true,
    "live_previews_enable": true,
    "show_progress_grid": true,
    "show_progress_every_n_steps": 10,
    "show_progress_type": "Approx NN",
    "live_preview_content": "Prompt",
    "live_preview_refresh_period": 1000,
    "hide_samplers": [
        "Euler",
        "LMS",
        "Heun",
        "DPM2",
        "DPM2 a",
        "DPM++ 2S a",
        "DPM++ 2M",
        "DPM fast",
        "DPM adaptive",
        "LMS Karras",
        "DPM2 Karras",
        "DPM2 a Karras",
        "PLMS"
    ],
    "eta_ddim": 0.0,
    "eta_ancestral": 1.0,
    "ddim_discretize": "uniform",
    "s_churn": 0.0,
    "s_tmin": 0.0,
    "s_noise": 1.0,
    "eta_noise_seed_delta": 0,
    "always_discard_next_to_last_sigma": false,
    "postprocessing_enable_in_main_ui": [
        "Color Enhance"
    ],
    "postprocessing_operation_order": [],
    "upscaling_max_images_in_cache": 5,
    "disabled_extensions": [],
    "sd_checkpoint_hash": "15012c538f503ce2ebfc2c8547b268c75ccdaff7a281db55399940ff1d70e21d",
    "ldsr_steps": 100,
    "ldsr_cached": false,
    "SWIN_tile": 192,
    "SWIN_tile_overlap": 8,
    "sd_lora": "None",
    "lora_apply_to_outputs": false,
    "control_net_model_config": "models/cldm_v15.yaml",
    "control_net_model_adapter_config": "models/sketch_adapter_v14.yaml",
    "control_net_detectedmap_dir": "/content/drive/MyDrive/SD-Data/Export/ControlMap",
    "control_net_models_path": "",
    "control_net_max_models_num": 3,
    "control_net_model_cache_size": 1,
    "control_net_control_transfer": false,
    "control_net_no_detectmap": false,
    "control_net_detectmap_autosaving": true,
    "control_net_only_midctrl_hires": true,
    "control_net_allow_script_control": false,
    "control_net_skip_img2img_processing": false,
    "control_net_monocular_depth_optim": false,
    "control_net_only_mid_control": false,
    "control_net_cfg_based_guidance": false,
    "prompt_fusion_enabled": true,
    "additional_networks_extra_lora_path": "",
    "additional_networks_sort_models_by": "path name",
    "additional_networks_reverse_sort_order": false,
    "additional_networks_model_name_filter": "",
    "additional_networks_xy_grid_model_metadata": "",
    "additional_networks_hash_thread_count": 1.0,
    "additional_networks_back_up_model_when_saving": true,
    "additional_networks_show_only_safetensors": false,
    "additional_networks_show_only_models_with_metadata": "disabled",
    "additional_networks_max_top_tags": 20.0,
    "additional_networks_max_dataset_folders": 20.0,
    "ctp_flavor": "mocha",
    "accent_color": "blue",
    "image_browser_active_tabs": "txt2img, img2img, txt2img-grids, img2img-grids, Extras, Favorites, Others, Maintenance",
    "image_browser_hidden_components": [],
    "image_browser_with_subdirs": true,
    "image_browser_preload": false,
    "image_browser_copy_image": false,
    "image_browser_delete_message": true,
    "image_browser_txt_files": true,
    "image_browser_logger_warning": false,
    "image_browser_logger_debug": false,
    "image_browser_delete_recycle": false,
    "image_browser_scan_exif": true,
    "image_browser_mod_shift": false,
    "image_browser_mod_ctrl_shift": false,
    "image_browser_enable_maint": true,
    "image_browser_ranking_pnginfo": false,
    "image_browser_page_columns": 6.0,
    "image_browser_page_rows": 6.0,
    "image_browser_pages_perload": 20.0,
    "tac_tagFile": "danbooru.csv",
    "tac_active": true,
    "tac_activeIn.txt2img": true,
    "tac_activeIn.img2img": true,
    "tac_activeIn.negativePrompts": true,
    "tac_activeIn.thirdParty": true,
    "tac_activeIn.modelList": "",
    "tac_activeIn.modelListMode": "Blacklist",
    "tac_slidingPopup": true,
    "tac_maxResults": 5.0,
    "tac_showAllResults": false,
    "tac_resultStepLength": 100.0,
    "tac_delayTime": 100.0,
    "tac_useWildcards": true,
    "tac_useEmbeddings": true,
    "tac_useHypernetworks": true,
    "tac_useLoras": true,
    "tac_showWikiLinks": false,
    "tac_replaceUnderscores": true,
    "tac_escapeParentheses": true,
    "tac_appendComma": true,
    "tac_alias.searchByAlias": true,
    "tac_alias.onlyShowAlias": false,
    "tac_translation.translationFile": "None",
    "tac_translation.oldFormat": false,
    "tac_translation.searchByTranslation": true,
    "tac_extra.extraFile": "extra-quality-tags.csv",
    "tac_extra.addMode": "Insert before",
    "animatoranon_film_folder": "/content/drive/MyDrive/SD-Data/Animation",
    "animatoranon_prop_folder": "/content/drive/MyDrive/SD-Data/Animation",
    "animatoranon_output_folder": "/content/drive/MyDrive/SD-Data/Export",
    "save_mask": false,
    "save_mask_composite": false,
    "webp_lossless": false,
    "img_max_size_mp": 200.0,
    "extra_networks_card_width": 0.0,
    "extra_networks_card_height": 0.0,
    "extra_networks_add_text_separator": " ",
    "return_mask": false,
    "return_mask_composite": false,
    "hidden_tabs": [],
    "uni_pc_variant": "bh1",
    "uni_pc_skip_type": "time_uniform",
    "uni_pc_order": 3,
    "uni_pc_lower_order_final": true,
    "control_net_modules_path": "",
    "control_net_high_res_only_mid": false,
    "control_net_sync_field_args": false,
    "controlnet_show_batch_images_in_ui": false,
    "controlnet_increment_seed_during_batch": false,
    "dp_ignore_whitespace": false,
    "dp_write_raw_template": false,
    "dp_write_prompts_to_file": false,
    "dp_parser_variant_start": "{",
    "dp_parser_variant_end": "}",
    "dp_parser_wildcard_wrap": "__",
    "dp_limit_jinja_prompts": false,
    "dp_auto_purge_cache": false,
    "dp_magicprompt_default_model": "Gustavosta/MagicPrompt-Stable-Diffusion",
    "dp_magicprompt_batch_size": 1,
    "disable_all_extensions": "none",
    "restore_config_state_file": "",
    "quicksettings_list": [
        "sd_model_checkpoint",
        "sd_vae",
        "CLIP_stop_at_last_layers"
    ],
    "save_init_img": false,
    "outdir_init_images": "outputs/init-images",
    "SCUNET_tile": 256,
    "SCUNET_tile_overlap": 8,
    "list_hidden_files": true,
    "randn_source": "GPU",
    "cross_attention_optimization": "Automatic",
    "s_min_uncond": 0,
    "token_merging_ratio": 0,
    "token_merging_ratio_img2img": 0,
    "token_merging_ratio_hr": 0,
    "dont_fix_second_order_samplers_schedule": false,
    "lora_functional": false,
    "lora_show_all": true,
    "lora_hide_unknown_for_versions": [],
    "extra_networks_show_hidden_directories": true,
    "extra_networks_hidden_models": "When searched",
    "lora_preferred_name": "Filename",
    "lora_add_hashes_to_infotext": true,
    "gradio_theme": "Default",
    "img2img_editor_height": 720,
    "js_modal_lightbox_gamepad": false,
    "js_modal_lightbox_gamepad_repeat": 250.0,
    "keyedit_delimiters": ".,\\/!?%^*;:{}=`~()",
    "ui_tab_order": [],
    "hires_fix_show_sampler": false,
    "hires_fix_show_prompts": false,
    "add_version_to_infotext": true,
    "live_previews_image_format": "png",
    "arh_javascript_aspect_ratio_show": true,
    "arh_javascript_aspect_ratio": "1:1, 3:2, 4:3, 5:4, 16:9",
    "arh_ui_javascript_selection_method": "Aspect Ratios Dropdown",
    "arh_hide_accordion_by_default": true,
    "arh_expand_by_default": false,
    "arh_ui_component_order_key": "MaxDimensionScaler, MinDimensionScaler, PredefinedAspectRatioButtons, PredefinedPercentageButtons",
    "arh_show_max_width_or_height": false,
    "arh_max_width_or_height": 1024,
    "arh_show_min_width_or_height": false,
    "arh_min_width_or_height": 1024,
    "arh_show_predefined_aspect_ratios": false,
    "arh_predefined_aspect_ratio_use_max_dim": false,
    "arh_predefined_aspect_ratios": "1:1, 4:3, 16:9, 9:16, 21:9",
    "arh_show_predefined_percentages": false,
    "arh_predefined_percentages": "25, 50, 75, 125, 150, 175, 200",
    "arh_predefined_percentages_display_key": "Incremental/decremental percentage (-50%, +50%)",
    "controlnet_disable_control_type": false,
    "infzoom_outpath": "outputs",
    "infzoom_outSUBpath": "infinite-zooms",
    "infzoom_outsizeW": 512,
    "infzoom_outsizeH": 512,
    "infzoom_ffprobepath": "",
    "infzoom_defPrompt": "{\n\t\"prePrompt\": \"Huge spectacular Waterfall in \",\n\t\"prompts\": {\n\t\t\"data\": [\n\t\t\t[0, \"a dense tropical forest\"],\n\t\t\t[2, \"a Lush jungle\"],\n\t\t\t[3, \"a Thick rainforest\"],\n\t\t\t[5, \"a Verdant canopy\"]\n\t\t]\n\t},\n\t\"postPrompt\": \"epic perspective,(vegetation overgrowth:1.3)(intricate, ornamentation:1.1),(baroque:1.1), fantasy, (realistic:1) digital painting , (magical,mystical:1.2) , (wide angle shot:1.4), (landscape composed:1.2)(medieval:1.1),(tropical forest:1.4),(river:1.3) volumetric lighting ,epic, style by Alex Horley Wenjun Lin greg rutkowski Ruan Jia (Wayne Barlowe:1.2)\",\n\t\"negPrompt\": \"frames, border, edges, borderline, text, character, duplicate, error, out of frame, watermark, low quality, ugly, deformed, blur, bad-artist\"\n}",
    "infzoom_collectAllResources": false,
    "mov2mov_outpath_samples": "/content/drive/MyDrive/SD-Data/Export/mov2mov-images",
    "mov2mov_output_dir": "/content/drive/MyDrive/SD-Data/Export/mov2mov-videos",
    "sadtalker_result_dir": "/content/SDVN/outputs/SadTalker",
    "def_img_cfg": "1.5",
    "deforum_keep_3d_models_in_vram": false,
    "deforum_enable_persistent_settings": false,
    "deforum_persistent_settings_path": "models/Deforum/deforum_persistent_settings.txt",
    "deforum_ffmpeg_location": "ffmpeg",
    "deforum_ffmpeg_crf": 17,
    "deforum_ffmpeg_preset": "slow",
    "deforum_debug_mode_enabled": false,
    "deforum_save_gen_info_as_srt": false,
    "deforum_embed_srt": false,
    "deforum_save_gen_info_as_srt_params": [
        "Noise Schedule"
    ],
    "sd_vae_overrides_per_model_preferences": false,
    "ui_reorder_list": [
        "inpaint",
        "sampler",
        "checkboxes",
        "hires_fix",
        "dimensions",
        "cfg",
        "seed",
        "batch",
        "override_settings",
        "scripts"
    ],
    "SWIN_torch_compile": false,
    "hypertile_enable_unet": false,
    "hypertile_enable_unet_secondpass": false,
    "hypertile_max_depth_unet": 3,
    "hypertile_max_tile_unet": 256,
    "hypertile_swap_size_unet": 3,
    "hypertile_enable_vae": false,
    "hypertile_max_depth_vae": 3,
    "hypertile_max_tile_vae": 128,
    "hypertile_swap_size_vae": 3,
    "ad_max_models": 4,
    "ad_extra_models_dir": "",
    "ad_save_previews": false,
    "ad_save_images_before": false,
    "ad_only_selected_scripts": true,
    "ad_script_names": "dynamic_prompting,dynamic_thresholding,lora_block_weight,negpip,wildcard_recursive,wildcards",
    "ad_bbox_sortby": "None",
    "ad_same_seed_for_each_tab": false,
    "dp_wildcard_manager_no_dedupe": false,
    "dp_wildcard_manager_no_sort": false,
    "dp_wildcard_manager_shuffle": false,
    "control_net_unit_count": 3,
    "control_net_inpaint_blur_sigma": 7,
    "controlnet_disable_openpose_edit": false,
    "controlnet_disable_photopea_edit": false,
    "controlnet_photopea_warning": true,
    "controlnet_ignore_noninpaint_mask": false,
    "controlnet_clip_detector_on_cpu": false,
    "controlnet_control_type_dropdown": false,
    "save_images_replace_action": "Replace",
    "grid_zip_filename_pattern": "",
    "grid_text_active_color": "#000000",
    "grid_text_inactive_color": "#999999",
    "grid_background_color": "#ffffff",
    "save_write_log_csv": true,
    "save_incomplete_images": false,
    "notification_audio": true,
    "notification_volume": 100,
    "auto_backcompat": true,
    "hires_fix_use_firstpass_conds": false,
    "use_old_scheduling": false,
    "use_downcasted_alpha_bar": false,
    "refiner_switch_by_sample_steps": false,
    "extra_networks_dir_button_function": false,
    "extra_networks_card_text_scale": 1,
    "extra_networks_card_show_desc": true,
    "extra_networks_card_description_is_html": false,
    "extra_networks_card_order_field": "Path",
    "extra_networks_card_order": "Ascending",
    "extra_networks_tree_view_style": "Dirs",
    "extra_networks_tree_view_default_enabled": true,
    "extra_networks_tree_view_default_width": 180.0,
    "textual_inversion_print_at_load": false,
    "textual_inversion_add_hashes_to_infotext": true,
    "lora_bundled_ti_to_infotext": true,
    "lora_in_memory_limit": 0,
    "lora_not_found_warning_console": false,
    "lora_not_found_gradio_warning": false,
    "s_min_uncond_all": false,
    "pad_cond_uncond": false,
    "pad_cond_uncond_v0": false,
    "persistent_cond_cache": true,
    "batch_cond_uncond": true,
    "fp8_storage": "Disable",
    "cache_fp16_weight": false,
    "s_tmax": 0,
    "sigma_min": 0.0,
    "sigma_max": 0.0,
    "rho": 0.0,
    "sgm_noise_multiplier": false,
    "sd_noise_schedule": "Default",
    "skip_early_cond": 0,
    "beta_dist_alpha": 0.6,
    "beta_dist_beta": 0.6,
    "sd_checkpoints_limit": 1,
    "sd_checkpoints_keep_in_cpu": true,
    "sd_unet": "Automatic",
    "emphasis": "Original",
    "sdxl_clip_l_skip": false,
    "tiling": false,
    "hires_fix_refiner_pass": "second pass",
    "enable_prompt_comments": true,
    "sd3_enable_t5": false,
    "sdxl_crop_top": 0.0,
    "sdxl_crop_left": 0.0,
    "sdxl_refiner_low_aesthetic_score": 2.5,
    "sdxl_refiner_high_aesthetic_score": 6.0,
    "auto_vae_precision_bfloat16": false,
    "auto_vae_precision": true,
    "sd_vae_encode_method": "Full",
    "sd_vae_decode_method": "Full",
    "img2img_extra_noise": 0,
    "img2img_sketch_default_brush_color": "#ffffff",
    "img2img_inpaint_mask_brush_color": "#ffffff",
    "img2img_inpaint_sketch_default_brush_color": "#ffffff",
    "img2img_batch_show_results_limit": 32,
    "overlay_inpaint": true,
    "sd_webui_modal_lightbox_icon_opacity": 1,
    "sd_webui_modal_lightbox_toolbar_opacity": 0.9,
    "gallery_height": "",
    "open_dir_button_choice": "Subdirectory",
    "add_vae_name_to_info": true,
    "add_vae_hash_to_info": true,
    "add_user_name_to_info": false,
    "infotext_skip_pasting": [],
    "infotext_styles": "Apply if any",
    "live_preview_allow_lowvram_full": false,
    "live_preview_fast_interrupt": false,
    "js_live_preview_in_modal_lightbox": false,
    "prevent_screen_sleep_during_generation": true,
    "keyedit_delimiters_whitespace": [
        "Tab",
        "Carriage Return",
        "Line Feed"
    ],
    "keyedit_move": true,
    "disable_token_counters": false,
    "include_styles_into_token_counters": true,
    "extra_options_txt2img": [],
    "extra_options_img2img": [],
    "extra_options_cols": 1,
    "extra_options_accordion": false,
    "compact_prompt_box": false,
    "sd_checkpoint_dropdown_use_short": false,
    "txt2img_settings_accordion": false,
    "img2img_settings_accordion": false,
    "interrupt_after_current": true,
    "gradio_themes_cache": true,
    "enable_reloading_ui_scripts": false,
    "api_enable_requests": true,
    "api_forbid_local_requests": true,
    "api_useragent": "",
    "prioritized_callbacks_app_started": [],
    "prioritized_callbacks_model_loaded": [],
    "prioritized_callbacks_ui_tabs": [],
    "prioritized_callbacks_ui_settings": [],
    "prioritized_callbacks_before_image_saved": [],
    "prioritized_callbacks_after_component": [],
    "prioritized_callbacks_infotext_pasted": [],
    "prioritized_callbacks_script_unloaded": [],
    "prioritized_callbacks_before_ui": [],
    "prioritized_callbacks_on_reload": [],
    "prioritized_callbacks_list_optimizers": [],
    "prioritized_callbacks_before_token_counter": [],
    "prioritized_callbacks_script_before_process": [],
    "prioritized_callbacks_script_process": [],
    "prioritized_callbacks_script_before_process_batch": [],
    "prioritized_callbacks_script_after_extra_networks_activate": [],
    "prioritized_callbacks_script_process_batch": [],
    "prioritized_callbacks_script_postprocess": [],
    "prioritized_callbacks_script_postprocess_batch": [],
    "prioritized_callbacks_script_post_sample": [],
    "prioritized_callbacks_script_on_mask_blend": [],
    "prioritized_callbacks_script_postprocess_image": [],
    "prioritized_callbacks_script_postprocess_maskoverlay": [],
    "prioritized_callbacks_script_after_component": [],
    "profiling_enable": false,
    "profiling_activities": [
        "CPU"
    ],
    "profiling_record_shapes": true,
    "profiling_profile_memory": true,
    "profiling_with_stack": true,
    "profiling_filename": "trace.json",
    "auto_launch_browser": "Local",
    "enable_console_prompts": false,
    "show_gradio_deprecation_warnings": true,
    "enable_upscale_progressbar": true,
    "disable_mmap_load_safetensors": false,
    "hide_ldm_prints": true,
    "dump_stacks_on_signal": false,
    "face_restoration": false,
    "postprocessing_disable_in_extras": [],
    "postprocessing_existing_caption_action": "Ignore",
    "dat_enabled_models": [
        "DAT x2",
        "DAT x3",
        "DAT x4"
    ],
    "DAT_tile": 192,
    "DAT_tile_overlap": 8,
    "set_scale_by_when_changing_upscaler": false,
    "canvas_hotkey_shrink_brush": "Q",
    "canvas_hotkey_grow_brush": "W",
    "canvas_disabled_functions": [
        "Overlap"
    ],
    "canvas_hotkey_zoom": "Shift",
    "canvas_hotkey_adjust": "Ctrl",
    "canvas_hotkey_move": "F",
    "canvas_hotkey_fullscreen": "S",
    "canvas_hotkey_reset": "R",
    "canvas_hotkey_overlap": "O",
    "canvas_show_tooltip": true,
    "canvas_auto_expand": true,
    "canvas_blur_prompt": false,
    "canvas_zoom_undo_extra_key": "Ctrl",
    "canvas_zoom_hotkey_undo": "Z",
    "canvas_zoom_inc_brush_size": "]",
    "canvas_zoom_dec_brush_size": "[",
    "canvas_zoom_hotkey_open_colorpanel": "Q",
    "canvas_zoom_hotkey_pin_colorpanel": "T",
    "canvas_zoom_hotkey_dropper": "A",
    "canvas_zoom_hotkey_fill": "X",
    "canvas_zoom_hotkey_transparency": "C",
    "canvas_zoom_hide_btn": true,
    "canvas_zoom_mask_clear": true,
    "canvas_zoom_enable_integration": true,
    "canvas_zoom_brush_size": 200,
    "canvas_zoom_brush_size_change": 5,
    "canvas_zoom_transparency_level": 70,
    "canvas_zoom_brush_opacity": false,
    "canvas_zoom_inpaint_label": true,
    "canvas_zoom_inpaint_warning": true,
    "canvas_zoom_inpaint_change_btn_color": false,
    "canvas_zoom_inpaint_btn_color": "#C33227",
    "canvas_zoom_brush_outline": false,
    "canvas_zoom_add_buttons": false,
    "canvas_zoom_draw_staight_lines": false,
    "canvas_zoom_inpaint_brushcolor": "#000000",
    "canvas_zoom_disabled_functions": [
        "Overlap"
    ]
}